n,p,mean_ms,samples
16,4,291.5446023689583,2
24,4,307.5960493879393,2
32,4,295.84035195875913,2
40,4,296.22254392597824,2
48,4,293.19005087018013,2
56,4,291.5352814598009,2
